time_s,intensity
1717198200.0,0.0
1717200000.0,0.0
1717201800.0,0.0
1717203600.0,0.0
1717205400.0,0.0
1717207200.0,0.0
1717209000.0,0.0
1717210800.0,0.0
1717212600.0,0.0
1717214400.0,0.0
1717216200.0,0.0
1717218000.0,0.0
1717219800.0,0.0
1717221600.0,0.0
1717223400.0,1.0
1717225200.0,1.0
1717227000.0,1.0
1717228800.0,1.0
1717230600.0,3.0
1717232400.0,3.0
1717234200.0,4.0
1717236000.0,4.0
1717237800.0,4.0
1717239600.0,2.0
1717241400.0,1.0
1717243200.0,0.0
1717245000.0,0.0
1717246800.0,0.0
1717248600.0,0.0
1717250400.0,0.0
1717252200.0,0.0
1717254000.0,0.0
1717255800.0,0.0
1717257600.0,0.0
1717259400.0,0.0
1717261200.0,0.0
1717263000.0,0.0
1717264800.0,0.0
1717266600.0,0.0
1717268400.0,0.0
1717270200.0,0.0
1717272000.0,0.0
1717273800.0,0.0
1717275600.0,1.0
1717277400.0,1.0
1717279200.0,0.0
1717281000.0,0.0
1717282800.0,0.0
1717284600.0,0.0
1717286400.0,0.0
1717288200.0,0.0
1717290000.0,0.0
1717291800.0,0.0
1717293600.0,0.0
1717295400.0,0.0
1717297200.0,0.0
1717299000.0,0.0
1717300800.0,0.0
1717302600.0,0.0
1717304400.0,0.0
1717306200.0,0.0
1717308000.0,0.0
1717309800.0,0.0
1717311600.0,0.0
1717313400.0,0.0
1717315200.0,0.0
1717317000.0,0.0
1717318800.0,0.0
1717320600.0,0.0
1717322400.0,0.0
1717324200.0,0.0
1717326000.0,0.0
1717327800.0,0.0
1717329600.0,0.0
1717331400.0,0.0
1717333200.0,0.0
1717335000.0,0.0
1717336800.0,0.0
1717338600.0,0.0
1717340400.0,0.0
1717342200.0,0.0
1717344000.0,0.0
1717345800.0,0.0
1717347600.0,0.0
1717349400.0,0.0
1717351200.0,0.0
1717353000.0,0.0
1717354800.0,0.0
1717356600.0,0.0
1717358400.0,0.0
1717360200.0,0.0
1717362000.0,0.0
1717363800.0,0.0
1717365600.0,0.0
1717367400.0,0.0
1717369200.0,0.0
1717371000.0,0.0
1717372800.0,0.0
1717374600.0,0.0
1717376400.0,0.0
1717378200.0,0.0
1717380000.0,0.0
1717381800.0,0.0
1717383600.0,0.0
1717385400.0,0.0
1717387200.0,0.0
1717389000.0,0.0
1717390800.0,0.0
1717392600.0,0.0
1717394400.0,0.0
1717396200.0,0.0
1717398000.0,0.0
1717399800.0,0.0
1717401600.0,0.0
1717403400.0,0.0
1717405200.0,0.0
1717407000.0,0.0
1717408800.0,0.0
1717410600.0,0.0
1717412400.0,0.0
1717414200.0,0.0
1717416000.0,0.0
1717417800.0,0.0
1717419600.0,0.0
1717421400.0,0.0
1717423200.0,0.0
1717425000.0,0.0
1717426800.0,0.0
1717428600.0,0.0
1717430400.0,0.0
1717432200.0,0.0
1717434000.0,0.0
1717435800.0,0.0
1717437600.0,0.0
1717439400.0,0.0
1717441200.0,0.0
1717443000.0,0.0
1717444800.0,0.0
1717446600.0,0.0
1717448400.0,0.0
1717450200.0,0.0
1717452000.0,0.0
1717453800.0,0.0
1717455600.0,0.0
1717457400.0,0.0
1717459200.0,0.0
1717461000.0,0.0
1717462800.0,0.0
1717464600.0,0.0
1717466400.0,0.0
1717468200.0,0.0
1717470000.0,0.0
1717471800.0,0.0
1717473600.0,0.0
1717475400.0,0.0
1717477200.0,0.0
1717479000.0,0.0
1717480800.0,0.0
1717482600.0,0.0
1717484400.0,0.0
1717486200.0,0.0
1717488000.0,0.0
1717489800.0,0.0
1717491600.0,0.0
1717493400.0,0.0
1717495200.0,0.0
1717497000.0,0.0
1717498800.0,0.0
1717500600.0,0.0
1717502400.0,0.0
1717504200.0,0.0
1717506000.0,0.0
1717507800.0,0.0
1717509600.0,0.0
1717511400.0,0.0
1717513200.0,0.0
1717515000.0,0.0
1717516800.0,0.0
1717518600.0,0.0
1717520400.0,0.0
1717522200.0,0.0
1717524000.0,0.0
1717525800.0,0.0
1717527600.0,0.0
1717529400.0,0.0
1717531200.0,0.0
1717533000.0,0.0
1717534800.0,0.0
1717536600.0,0.0
1717538400.0,0.0
1717540200.0,0.0
1717542000.0,0.0
1717543800.0,0.0
1717545600.0,0.0
1717547400.0,0.0
1717549200.0,0.0
1717551000.0,0.0
1717552800.0,0.0
1717554600.0,0.0
1717556400.0,0.0
1717558200.0,0.0
1717560000.0,0.0
1717561800.0,0.0
1717563600.0,0.0
1717565400.0,0.0
1717567200.0,0.0
1717569000.0,0.0
1717570800.0,0.0
1717572600.0,0.0
1717574400.0,0.0
1717576200.0,0.0
1717578000.0,0.0
1717579800.0,0.0
1717581600.0,0.0
1717583400.0,0.0
1717585200.0,0.0
1717587000.0,0.0
1717588800.0,0.0
1717590600.0,0.0
1717592400.0,0.0
1717594200.0,0.0
1717596000.0,0.0
1717597800.0,0.0
1717599600.0,0.0
1717601400.0,0.0
1717603200.0,0.0
1717605000.0,0.0
1717606800.0,0.0
1717608600.0,0.0
1717610400.0,0.0
1717612200.0,0.0
1717614000.0,0.0
1717615800.0,0.0
1717617600.0,0.0
1717619400.0,0.0
1717621200.0,0.0
1717623000.0,0.0
1717624800.0,0.0
1717626600.0,0.0
1717628400.0,0.0
1717630200.0,0.0
1717632000.0,0.0
1717633800.0,0.0
1717635600.0,0.0
1717637400.0,0.0
1717639200.0,0.0
1717641000.0,0.0
1717642800.0,0.0
1717644600.0,0.0
1717646400.0,0.0
1717648200.0,0.0
1717650000.0,0.0
1717651800.0,0.0
1717653600.0,0.0
1717655400.0,0.0
1717657200.0,0.0
1717659000.0,0.0
1717660800.0,0.0
1717662600.0,0.0
1717664400.0,0.0
1717666200.0,0.0
1717668000.0,0.0
1717669800.0,0.0
1717671600.0,0.0
1717673400.0,0.0
1717675200.0,0.0
1717677000.0,0.0
1717678800.0,0.0
1717680600.0,0.0
1717682400.0,0.0
1717684200.0,0.0
1717686000.0,0.0
1717687800.0,0.0
1717689600.0,0.0
1717691400.0,0.0
1717693200.0,0.0
1717695000.0,0.0
1717696800.0,0.0
1717698600.0,0.0
1717700400.0,0.0
1717702200.0,0.0
1717704000.0,0.0
1717705800.0,0.0
1717707600.0,0.0
1717709400.0,0.0
1717711200.0,0.0
1717713000.0,0.0
1717714800.0,0.0
1717716600.0,0.0
1717718400.0,0.0
1717720200.0,0.0
1717722000.0,0.0
1717723800.0,0.0
1717725600.0,0.0
1717727400.0,0.0
1717729200.0,0.0
1717731000.0,0.0
1717732800.0,0.0
1717734600.0,0.0
1717736400.0,0.0
1717738200.0,0.0
1717740000.0,0.0
1717741800.0,0.0
1717743600.0,0.0
1717745400.0,0.0
1717747200.0,0.0
1717749000.0,0.0
1717750800.0,0.0
1717752600.0,0.0
1717754400.0,0.0
1717756200.0,0.0
1717758000.0,0.0
1717759800.0,0.0
1717761600.0,0.0
1717763400.0,0.0
1717765200.0,0.0
1717767000.0,0.0
1717768800.0,0.0
1717770600.0,0.0
1717772400.0,0.0
1717774200.0,0.0
1717776000.0,0.0
1717777800.0,0.0
1717779600.0,0.0
1717781400.0,0.0
1717783200.0,0.0
1717785000.0,0.0
1717786800.0,0.0
1717788600.0,0.0
1717790400.0,0.0
1717792200.0,0.0
1717794000.0,0.0
1717795800.0,0.0
1717797600.0,0.0
1717799400.0,0.0
1717801200.0,0.0
1717803000.0,0.0
1717804800.0,0.0
1717806600.0,0.0
1717808400.0,0.0
1717810200.0,0.0
1717812000.0,0.0
1717813800.0,0.0
1717815600.0,0.0
1717817400.0,0.0
1717819200.0,0.0
1717821000.0,0.0
1717822800.0,0.0
1717824600.0,0.0
1717826400.0,0.0
1717828200.0,0.0
1717830000.0,0.0
1717831800.0,0.0
1717833600.0,0.0
1717835400.0,0.0
1717837200.0,0.0
1717839000.0,0.0
1717840800.0,0.0
1717842600.0,0.0
1717844400.0,0.0
1717846200.0,0.0
1717848000.0,0.0
1717849800.0,0.0
1717851600.0,0.0
1717853400.0,0.0
1717855200.0,0.0
1717857000.0,0.0
1717858800.0,0.0
1717860600.0,0.0
1717862400.0,0.0
1717864200.0,0.0
1717866000.0,0.0
1717867800.0,0.0
1717869600.0,0.0
1717871400.0,0.0
1717873200.0,0.0
1717875000.0,0.0
1717876800.0,0.0
1717878600.0,0.0
1717880400.0,0.0
1717882200.0,0.0
1717884000.0,0.0
1717885800.0,0.0
1717887600.0,0.0
1717889400.0,0.0
1717891200.0,0.0
1717893000.0,0.0
1717894800.0,0.0
1717896600.0,0.0
1717898400.0,0.0
1717900200.0,0.0
1717902000.0,0.0
1717903800.0,0.0
1717905600.0,0.0
1717907400.0,0.0
1717909200.0,0.0
1717911000.0,0.0
1717912800.0,0.0
1717914600.0,0.0
1717916400.0,0.0
1717918200.0,0.0
1717920000.0,0.0
1717921800.0,0.0
1717923600.0,0.0
1717925400.0,0.0
1717927200.0,0.0
1717929000.0,0.0
1717930800.0,0.0
1717932600.0,0.0
1717934400.0,0.0
1717936200.0,0.0
1717938000.0,0.0
1717939800.0,0.0
1717941600.0,0.0
1717943400.0,0.0
1717945200.0,0.0
1717947000.0,0.0
1717948800.0,0.0
1717950600.0,0.0
1717952400.0,0.0
1717954200.0,0.0
1717956000.0,0.0
1717957800.0,0.0
1717959600.0,0.0
1717961400.0,0.0
1717963200.0,0.0
1717965000.0,0.0
1717966800.0,0.0
1717968600.0,0.0
1717970400.0,0.0
1717972200.0,0.0
1717974000.0,0.0
1717975800.0,0.0
1717977600.0,0.0
1717979400.0,0.0
1717981200.0,0.0
1717983000.0,0.0
1717984800.0,0.0
1717986600.0,0.0
1717988400.0,0.0
1717990200.0,0.0
1717992000.0,0.0
1717993800.0,0.0
1717995600.0,0.0
1717997400.0,0.0
1717999200.0,0.0
1718001000.0,0.0
1718002800.0,0.0
1718004600.0,0.0
1718006400.0,0.0
1718008200.0,0.0
1718010000.0,0.0
1718011800.0,0.0
1718013600.0,0.0
1718015400.0,0.0
1718017200.0,0.0
1718019000.0,0.0
1718020800.0,0.0
1718022600.0,0.0
1718024400.0,0.0
1718026200.0,0.0
1718028000.0,0.0
1718029800.0,0.0
1718031600.0,0.0
1718033400.0,0.0
1718035200.0,0.0
1718037000.0,0.0
1718038800.0,0.0
1718040600.0,0.0
1718042400.0,0.0
1718044200.0,0.0
1718046000.0,0.0
1718047800.0,0.0
1718049600.0,0.0
1718051400.0,0.0
1718053200.0,0.0
1718055000.0,0.0
1718056800.0,0.0
1718058600.0,0.0
1718060400.0,0.0
1718062200.0,0.0
1718064000.0,0.0
1718065800.0,0.0
1718067600.0,0.0
1718069400.0,0.0
1718071200.0,0.0
1718073000.0,0.0
1718074800.0,0.0
1718076600.0,0.0
1718078400.0,0.0
1718080200.0,0.0
1718082000.0,0.0
1718083800.0,0.0
1718085600.0,0.0
1718087400.0,0.0
1718089200.0,0.0
1718091000.0,0.0
1718092800.0,0.0
1718094600.0,0.0
1718096400.0,0.0
1718098200.0,0.0
1718100000.0,0.0
1718101800.0,0.0
1718103600.0,0.0
1718105400.0,0.0
1718107200.0,0.0
1718109000.0,0.0
1718110800.0,0.0
1718112600.0,0.0
1718114400.0,0.0
1718116200.0,0.0
1718118000.0,0.0
1718119800.0,0.0
1718121600.0,0.0
1718123400.0,0.0
1718125200.0,0.0
1718127000.0,0.0
1718128800.0,0.0
1718130600.0,0.0
1718132400.0,0.0
1718134200.0,0.0
1718136000.0,0.0
1718137800.0,0.0
1718139600.0,0.0
1718141400.0,0.0
1718143200.0,0.0
1718145000.0,0.0
1718186400.0,34.0
1718188200.0,66.0
1718190000.0,68.0
1718191800.0,68.0
1718193600.0,68.0
1718195400.0,44.0
1718197200.0,0.0
1718199000.0,0.0
1718200800.0,0.0
1718202600.0,0.0
1718204400.0,0.0
1718206200.0,0.0
1718208000.0,131.0
1718209800.0,157.0
1718211600.0,153.0
1718213400.0,151.0
1718215200.0,158.0
1718217000.0,166.0
1718218800.0,163.0
1718220600.0,150.0
1718222400.0,162.0
1718224200.0,66.0
1718226000.0,69.0
1718227800.0,49.0
1718229600.0,11.0
1718231400.0,11.0
1718233200.0,8.0
1718235000.0,27.0
1718236800.0,24.0
1718238600.0,20.0
1718240400.0,9.0
1718242200.0,18.0
1718244000.0,19.0
1718245800.0,21.0
1718247600.0,21.0
1718249400.0,22.0
1718251200.0,19.0
1718253000.0,1.0
1718254800.0,14.0
1718256600.0,14.0
1718258400.0,13.0
1718260200.0,13.0
1718262000.0,12.0
1718263800.0,15.0
1718265600.0,0.0
1718267400.0,0.0
1718269200.0,0.0
1718271000.0,0.0
1718272800.0,0.0
1718274600.0,0.0
1718276400.0,0.0
1718278200.0,0.0
1718280000.0,0.0
1718281800.0,0.0
1718283600.0,0.0
1718285400.0,0.0
1718287200.0,0.0
1718289000.0,0.0
1718290800.0,0.0
1718292600.0,0.0
1718294400.0,0.0
1718296200.0,0.0
1718298000.0,0.0
1718299800.0,0.0
1718301600.0,0.0
1718303400.0,0.0
1718305200.0,0.0
1718307000.0,0.0
1718308800.0,0.0
1718310600.0,0.0
1718312400.0,0.0
1718314200.0,0.0
1718316000.0,0.0
1718317800.0,0.0
1718319600.0,0.0
1718321400.0,0.0
1718323200.0,0.0
1718325000.0,0.0
1718326800.0,0.0
1718328600.0,0.0
1718330400.0,0.0
1718332200.0,0.0
1718334000.0,0.0
1718335800.0,0.0
1718337600.0,0.0
1718339400.0,0.0
1718341200.0,0.0
1718343000.0,0.0
1718344800.0,0.0
1718346600.0,0.0
1718348400.0,0.0
1718350200.0,0.0
1718352000.0,0.0
1718353800.0,0.0
1718355600.0,0.0
1718357400.0,0.0
1718359200.0,0.0
1718361000.0,0.0
1718362800.0,0.0
1718364600.0,0.0
1718366400.0,0.0
1718368200.0,0.0
1718370000.0,0.0
1718371800.0,0.0
1718373600.0,0.0
1718375400.0,0.0
1718377200.0,0.0
1718379000.0,0.0
1718380800.0,0.0
1718382600.0,0.0
1718384400.0,0.0
1718386200.0,0.0
1718388000.0,0.0
1718389800.0,0.0
1718391600.0,0.0
1718393400.0,0.0
1718395200.0,0.0
1718397000.0,0.0
1718398800.0,0.0
1718400600.0,0.0
1718402400.0,0.0
1718404200.0,0.0
1718406000.0,0.0
1718407800.0,0.0